Date,Account,StockTicker,CUSIP,SecurityName,Shares,Price,MarketValue,Weightings,NetAssets,SharesOutstanding,CreationUnits,MoneyMarketFlag
09/25/2026,BETZ,26142V105 TRS 102527 NM,26142V105 TRS 102527 NM,DRAFTKINGS INC.-SWAP-NMRA-L,251408.00000000,21.270000,5347448.16,12.26%,43633250.00,2500000,100.000000000000,
09/25/2026,BETZ,912797UJ4,912797UJ4,United States Treasury Bill 10/08/2026,8000000.00000000,99.868913,7989513.01,18.31%,43633250.00,2500000,100.000000000000,
09/25/2026,DRAM,000660 KS,6450267,SK hynix Inc,3343014.00000000,1788075.620800,4374367193.06,16.53%,26467722736.00,434330000,43433.000000000000,
09/25/2026,DRAM,005930 KS,6771720,Samsung Electronics Co Ltd,25005289.00000000,272515.060300,4986703480.73,18.84%,26467722736.00,434330000,43433.000000000000,
09/25/2026,DRAM,2344 TT,6966515,Winbond Electronics Corp,53647790.00000000,170.482936,287344530.99,1.09%,26467722736.00,434330000,43433.000000000000,
09/25/2026,DRAM,595112103 TRS 050427 NM,595112103 TRS 050427 NM,MICRON TECHNOLOGY INC SWAP NM,4052306.00000000,1080.530000,4378638202.18,16.54%,26467722736.00,434330000,43433.000000000000,
09/25/2026,DRAM,595112103 TRS 052427 GS,595112103 TRS 052427 GS,"MICRON TECHNOLOGY, INC.-SWAP-GOLD-L",2407575.00000000,1080.530000,2601457014.75,9.83%,26467722736.00,434330000,43433.000000000000,
09/25/2026,DRAM,603986 C1,BHWLWF8,GigaDevice Semiconductor Inc,4689160.00000000,386.574821,270033992.41,1.02%,26467722736.00,434330000,43433.000000000000,
09/25/2026,DRAM,6450267 TRS 052427 GS,6450267 TRS 052427 GS,SK HYNIX INC-SWAP-GOLD-L,1068542.00000000,1308.509983,1398197874.49,5.28%,26467722736.00,434330000,43433.000000000000,
09/25/2026,DRAM,912797VP9,912797VP9,United States Treasury Bill 11/03/2026,3000000000.00000000,99.583922,2987517660.00,11.29%,26467722736.00,434330000,43433.000000000000,
09/25/2026,DRAM,BTMTQT8 TRS 052427 GS,BTMTQT8 TRS 052427 GS,CXMT CORPORATION-SWAP-GOLD-L,163643478.00000000,8.371941,1370013476.08,5.18%,26467722736.00,434330000,43433.000000000000,
09/25/2026,DRAM,FGXXX,31846V336,First American Government Obligations Fund 12/01/2031,4052235220.17000000,100.000000,4052235220.17,15.31%,26467722736.00,434330000,43433.000000000000,Y
09/25/2026,DRAM,KRW,CASHKRW,SOUTH KOREA WON,-9115640428.00000000,1.000000,-6670806.52,-0.03%,26467722736.00,434330000,43433.000000000000,
09/25/2026,DRAM,MU,595112103,Micron Technology Inc,102076.00000000,1080.530000,110296180.28,0.42%,26467722736.00,434330000,43433.000000000000,
09/25/2026,DRAM,SNDK,80004C200,Sandisk Corp,715998.00000000,1753.620000,1255588412.76,4.74%,26467722736.00,434330000,43433.000000000000,
09/25/2026,DRAM,Cash&Other,Cash&Other,Cash & Other,-10022421931.33000000,1.000000,-10022421931.33,-37.87%,26467722736.00,434330000,43433.000000000000,Y
